{
 "f1.txt": {
  "valores": [
   55.0,
   10.0,
   47.0,
   5.0,
   4.0,
   50.0,
   8.0,
   61.0,
   85.0,
   87.0
  ],
  "pesos": [
   95.0,
   4.0,
   60.0,
   32.0,
   23.0,
   72.0,
   80.0,
   62.0,
   65.0,
   46.0
  ],
  "tiempo": 3.681,
  "sol_hallada": [
   1,
   2,
   3,
   7,
   8,
   9
  ],
  "val_hallado": 295.0,
  "val_optimo": 295.0
 },
 "f2.txt": {
  "valores": [
   44.0,
   46.0,
   90.0,
   72.0,
   91.0,
   40.0,
   75.0,
   35.0,
   8.0,
   54.0,
   78.0,
   40.0,
   77.0,
   15.0,
   61.0,
   17.0,
   75.0,
   29.0,
   75.0,
   63.0
  ],
  "pesos": [
   92.0,
   4.0,
   43.0,
   83.0,
   84.0,
   68.0,
   92.0,
   82.0,
   6.0,
   44.0,
   32.0,
   18.0,
   56.0,
   83.0,
   25.0,
   96.0,
   70.0,
   48.0,
   14.0,
   58.0
  ],
  "tiempo": 8985.874,
  "sol_hallada": [
   0,
   1,
   2,
   3,
   4,
   5,
   6,
   7,
   8,
   9,
   10,
   11,
   12,
   14,
   16,
   18,
   19
  ],
  "val_hallado": 1024.0,
  "val_optimo": 1024.0
 },
 "f3.txt": {
  "valores": [
   9.0,
   11.0,
   13.0,
   15.0
  ],
  "pesos": [
   6.0,
   5.0,
   9.0,
   7.0
  ],
  "tiempo": 0.051,
  "sol_hallada": [
   0,
   1,
   3
  ],
  "val_hallado": 35.0,
  "val_optimo": 35.0
 },
 "f4.txt": {
  "valores": [
   6.0,
   10.0,
   12.0,
   13.0
  ],
  "pesos": [
   2.0,
   4.0,
   6.0,
   7.0
  ],
  "tiempo": 0.046,
  "sol_hallada": [
   1,
   3
  ],
  "val_hallado": 23.0,
  "val_optimo": 23.0
 },
 "f5.txt": {
  "valores": [
   0.125126,
   19.330424,
   58.500931,
   35.029145,
   82.284005,
   17.41081,
   71.050142,
   30.399487,
   9.140294,
   14.731285,
   98.852504,
   11.908322,
   0.89114,
   53.166295,
   60.176397
  ],
  "pesos": [
   56.358531,
   80.87405,
   47.987304,
   89.59624,
   74.660482,
   85.894345,
   51.353496,
   1.498459,
   36.445204,
   16.589862,
   44.569231,
   0.466933,
   37.788018,
   57.118442,
   60.716575
  ],
  "tiempo": 246.975,
  "sol_hallada": [
   2,
   4,
   6,
   7,
   9,
   10,
   11,
   13,
   14
  ],
  "val_hallado": 481.069368,
  "val_optimo": 481.0694
 },
 "f6.txt": {
  "valores": [
   20.0,
   18.0,
   17.0,
   15.0,
   15.0,
   10.0,
   5.0,
   3.0,
   1.0,
   1.0
  ],
  "pesos": [
   30.0,
   25.0,
   20.0,
   18.0,
   17.0,
   11.0,
   5.0,
   2.0,
   1.0,
   1.0
  ],
  "tiempo": 3.541,
  "sol_hallada": [
   2,
   4,
   5,
   6,
   7,
   8,
   9
  ],
  "val_hallado": 52.0,
  "val_optimo": 52.0
 },
 "f7.txt": {
  "valores": [
   70.0,
   20.0,
   39.0,
   37.0,
   7.0,
   5.0,
   10.0
  ],
  "pesos": [
   31.0,
   10.0,
   20.0,
   19.0,
   4.0,
   3.0,
   6.0
  ],
  "tiempo": 0.378,
  "sol_hallada": [
   0,
   3
  ],
  "val_hallado": 107.0,
  "val_optimo": 107.0
 },
 "f8.txt": {
  "valores": [
   981.0,
   980.0,
   979.0,
   978.0,
   977.0,
   976.0,
   487.0,
   974.0,
   970.0,
   485.0,
   485.0,
   970.0,
   970.0,
   484.0,
   484.0,
   976.0,
   974.0,
   482.0,
   962.0,
   961.0,
   959.0,
   958.0,
   857.0
  ],
  "pesos": [
   983.0,
   982.0,
   981.0,
   980.0,
   979.0,
   978.0,
   488.0,
   976.0,
   972.0,
   486.0,
   486.0,
   972.0,
   972.0,
   485.0,
   485.0,
   969.0,
   966.0,
   483.0,
   964.0,
   963.0,
   961.0,
   958.0,
   959.0
  ],
  "tiempo": 72220.419,
  "sol_hallada": [
   0,
   1,
   2,
   3,
   4,
   5,
   6,
   7,
   10,
   15,
   16
  ],
  "val_hallado": 9767.0,
  "val_optimo": 9767.0
 },
 "f9.txt": {
  "valores": [
   33.0,
   24.0,
   36.0,
   37.0,
   12.0
  ],
  "pesos": [
   15.0,
   20.0,
   17.0,
   8.0,
   31.0
  ],
  "tiempo": 0.093,
  "sol_hallada": [
   0,
   1,
   2,
   3
  ],
  "val_hallado": 130.0,
  "val_optimo": 130.0
 },
 "f10.txt": {
  "valores": [
   91.0,
   72.0,
   90.0,
   46.0,
   55.0,
   8.0,
   35.0,
   75.0,
   61.0,
   15.0,
   77.0,
   40.0,
   63.0,
   75.0,
   29.0,
   75.0,
   17.0,
   78.0,
   40.0,
   44.0
  ],
  "pesos": [
   84.0,
   83.0,
   43.0,
   4.0,
   44.0,
   6.0,
   82.0,
   92.0,
   25.0,
   83.0,
   56.0,
   18.0,
   58.0,
   14.0,
   48.0,
   70.0,
   96.0,
   32.0,
   68.0,
   92.0
  ],
  "tiempo": 7499.638,
  "sol_hallada": [
   0,
   1,
   2,
   3,
   4,
   5,
   6,
   7,
   8,
   10,
   11,
   12,
   13,
   15,
   17,
   18,
   19
  ],
  "val_hallado": 1025.0,
  "val_optimo": 1025.0
 }
}